Model,R² Score,MAE,RMSE,MSE
XGBoost,0.9780506359464045,2.6840855926763822,4.011650960546522,16.09334342925383
Random Forest,0.963974106409665,3.3747864371433063,5.139484369933094,26.414299588786577
SVR,0.9542274192478195,4.00111794753259,5.79315126409243,33.56060156865572
