Model,Mean R2,Std R2,Mean MAE,Std MAE,Mean RMSE,Std RMSE,Mean MSE,Std MSE
Random Forest,0.9690393893500981,0.009606256414124069,3.00774046559732,0.3179301116076177,4.39553272426922,0.5138117721349632,19.584710467306063,4.6635768894723135
SVR,0.9617635622855977,0.014655224180359078,3.4375644123074913,0.6124313481180917,4.8776577589578,0.8061818649002486,24.441474412815268,8.633888095717793
XGBoost,0.9800253724791851,0.0074292372535127394,2.342318754331134,0.2957937921622993,3.486660406036934,0.5297318026726535,12.437416569788455,3.884118843177949
